{
  "lang":"pt",
  "name":"pipeline",
  "version":"0.0.0",
  "spacy_version":">=3.8.2,<3.9.0",
  "description":"",
  "author":"",
  "email":"",
  "url":"",
  "license":"",
  "spacy_git_version":"63f1b53",
  "vectors":{
    "width":0,
    "vectors":0,
    "keys":0,
    "name":null,
    "mode":"default"
  },
  "labels":{
    "tok2vec":[

    ],
    "ner":[
      "MARCA",
      "MODELO",
      "MOTIVO",
      "PRODUTO",
      "SPAN"
    ]
  },
  "pipeline":[
    "tok2vec",
    "ner"
  ],
  "components":[
    "tok2vec",
    "ner"
  ],
  "disabled":[

  ],
  "performance":{
    "ents_f":0.9624932542,
    "ents_p":0.9706122449,
    "ents_r":0.9545089644,
    "ents_per_type":{
      "PRODUTO":{
        "p":0.9831824062,
        "r":0.9706257982,
        "f":0.9768637532
      },
      "MARCA":{
        "p":0.9830246914,
        "r":0.9521674141,
        "f":0.967350038
      },
      "MOTIVO":{
        "p":0.9464763604,
        "r":0.9348017621,
        "f":0.9406028369
      },
      "MODELO":{
        "p":0.9689265537,
        "r":0.9501385042,
        "f":0.9594405594
      },
      "SPAN":{
        "p":1.0,
        "r":1.0,
        "f":1.0
      }
    },
    "tok2vec_loss":1712.8920452229,
    "ner_loss":834.1343383789
  }
}