{
  "lang":"pt",
  "name":"pipeline",
  "version":"0.0.0",
  "spacy_version":">=3.8.2,<3.9.0",
  "description":"",
  "author":"",
  "email":"",
  "url":"",
  "license":"",
  "spacy_git_version":"63f1b53",
  "vectors":{
    "width":0,
    "vectors":0,
    "keys":0,
    "name":null,
    "mode":"default"
  },
  "labels":{
    "tok2vec":[

    ],
    "ner":[
      "MARCA",
      "MODELO",
      "MOTIVO",
      "PRODUTO",
      "SPAN"
    ]
  },
  "pipeline":[
    "tok2vec",
    "ner"
  ],
  "components":[
    "tok2vec",
    "ner"
  ],
  "disabled":[

  ],
  "performance":{
    "ents_f":0.9571045576,
    "ents_p":0.9589041096,
    "ents_r":0.9553117474,
    "ents_per_type":{
      "PRODUTO":{
        "p":0.9832041344,
        "r":0.9719029374,
        "f":0.9775208735
      },
      "MARCA":{
        "p":0.9905660377,
        "r":0.9417040359,
        "f":0.9655172414
      },
      "MOTIVO":{
        "p":0.9019279128,
        "r":0.9480176211,
        "f":0.9243986254
      },
      "MODELO":{
        "p":0.9882352941,
        "r":0.9307479224,
        "f":0.9586305278
      },
      "SPAN":{
        "p":1.0,
        "r":1.0,
        "f":1.0
      }
    },
    "tok2vec_loss":1343.3681102554,
    "ner_loss":736.9360351562
  }
}